{"contraction_plan": [1, 1, 1, 1, 0, 0, 0, 0, 0, 0, 0, 0, 0, 0, 0, 0, 0, 0, 0, 0, 0, 0, 1, 1], "total_link_hours": [512.9993161839138, 406.00000000033685, 406.0000000002994, 406.0000000002994, 9.990706666707971e-11, 1664.0813311570514, 3918.707858852691, 5800.000000001256, 6135.918668845814, 5800.000000001256, 5000.000000000525, 2486.3423876644274, 2486.3423876644274, 2522.632198572569, 2522.632198572569, 3289.2570141218766, 3910.084689726015, 5394.000000001126, 6135.918668845717, 5120.631825788257, 2394.0000000020054, 623.0247826290314, 512.9993161840933, 512.9993161839138], "vehicle_link_hours": [[0.0, 0.0, 0.0, 0.0, 0.0, 0.0, 1918.7078588512268, 5000.0000000003465, 5000.0000000003465, 5000.0000000003465, 5000.0000000003465, 2199.3417038475504, 2199.3417038475504, 2522.6321985724894, 2522.6321985724894, 3289.2570141218393, 3910.084689726015, 5000.0000000003465, 5000.0000000003465, 2320.631825785737, 0.0, 0.0, 0.0, 0.0], [0.0, 0.0, 0.0, 0.0, 9.990706666707971e-11, 1664.0813311570514, 2000.000000001464, 2.3766944588199014e-10, 335.9186688446503, 2.3766944588199014e-10, 1.397934758406105e-10, 9.198620340353181e-11, 9.198620340353181e-11, 0.0, 0.0, 0.0, 0.0, 0.0, 335.9186688445524, 2000.0000000017017, 2000.0000000017096, 623.0247826287416, 9.990706666707971e-11, 0.0], [106.99931618361443, 3.7457082493641015e-11, 0.0, 0.0, 0.0, 0.0, 0.0, 394.00000000051654, 394.00000000051654, 394.00000000051654, 0.0, 287.00068381678506, 287.00068381678506, 7.959978335508728e-11, 7.959978335508728e-11, 3.7457082493641015e-11, 0.0, 394.00000000051654, 394.00000000051654, 394.00000000051654, 394.00000000029553, 2.2105070432878524e-10, 106.99931618369402, 106.99931618361443], [0.0, 0.0, 0.0, 0.0, 0.0, 0.0, 0.0, 0.0, 0.0, 0.0, 0.0, 0.0, 0.0, 0.0, 0.0, 0.0, 0.0, 0.0, 0.0, 0.0, 0.0, 0.0, 0.0, 0.0], [0.0, 0.0, 0.0, 0.0, 0.0, 0.0, 0.0, 0.0, 0.0, 0.0, 0.0, 0.0, 0.0, 0.0, 0.0, 0.0, 0.0, 0.0, 0.0, 0.0, 0.0, 0.0, 0.0, 0.0], [406.0000000002994, 406.0000000002994, 406.0000000002994, 406.0000000002994, 0.0, 0.0, 0.0, 406.0000000001538, 406.0000000002994, 406.0000000001538, 3.775785521380041e-11, 0.0, 0.0, 0.0, 0.0, 0.0, 0.0, 2.616357964623144e-10, 406.0000000002994, 406.0000000002994, 0.0, 6.873977794334588e-11, 406.0000000002994, 406.0000000002994]], "base_demand": [2943.035529371539, 2943.035529371539, 1839.3972058572117, 1471.5177646857694, 1839.3972058572117, 3678.7944117144234, 13479.868923516648, 24696.52362423119, 27440.581804701324, 24696.52362423119, 16464.349082820794, 8986.579282344432, 8986.579282344432, 8986.579282344432, 8986.579282344432, 11233.224102930539, 13479.868923516648, 21952.46544376106, 27440.581804701324, 21952.46544376106, 8986.579282344432, 3678.7944117144234, 2943.035529371539, 2943.035529371539], "realized_demand": [1881.6264488386846, 1542.3492310461631, 1317.6588199956013, 1131.2074232851498, 37.74231909455259, 3324.8687751537814, 11869.693741611676, 20310.69681812702, 22143.11545329439, 20310.69681812702, 15296.763051504919, 8068.174379552985, 8068.174379552985, 8094.504763823131, 8094.504763823131, 10142.980896378118, 12048.804830619874, 18744.237551490547, 22635.88352076918, 18710.6524561717, 7695.463161031415, 2328.9863007073345, 1881.6264488388317, 1881.6264488386846], "equilibrium_path_flow": [[386.8850969679398, 0.0, 664.911194548246, 0.0, 1812.4566068796105, 1045.8317913302185, 866.9115673349986, 4.238279020742696e-11, 223.00374293929053], [0.0, 9.990706666707971e-11, 1.397934758406105e-10, 2.3766944588199014e-10, 9.198620340353181e-11, 623.0247826286417, 331.7278937364893, 1041.056548528178, 4.190775107923358], [0.0, 0.0, 0.0, 3.7457082493641015e-11, 0.0, 7.959978335508728e-11, 106.99931618361443, 287.00068381664363, 1.4145092097369795e-10], [0.0, 0.0, 0.0, 0.0, 0.0, 0.0, 0.0, 0.0, 0.0], [0.0, 0.0, 0.0, 0.0, 0.0, 0.0, 0.0, 0.0, 0.0], [0.0, 0.0, 3.775785521380041e-11, 0.0, 0.0, 6.873977794334588e-11, 7.683869037539986e-11, 406.0, 1.1605732814356869e-10]], "drivers_distribute": [5000.0000000003465, 2000.0000000018015, 394.00000000051654, 0.0, 0.0, 406.0000000002994], "equilibrium_benefit": [193.61871908754588, 54.328630004943804, 159.15759460466904, 0, 0, 158.56010581488442], "contract_profit_ratio": [1.5222701849907966e-17, 1.910147305390851e-05, 0.47016105969119043], "path_profit": [[193.63196146990276, 156.62143842160262, 193.60526221680323, 186.16948654296345, 193.62884042157998, 193.59390197440382, 193.62923681465668, 192.75410222440155, 193.62910658797898], [-159.13600791828344, 33.316733809027994, 37.332782999196525, 46.891169469475386, 31.93212371779515, 54.334949540826074, 54.32110756246928, 54.32727532483486, 54.32110756246928], [132.94816059457708, 130.23709670256915, 121.95118343662739, 147.44102313517988, 138.2206250648078, 151.83811226587432, 159.15116228255306, 159.15999269675962, 152.53939888030527], [-28.86870372658194, 14.697492419794798, 15.217068408840419, 12.172033228073133, 3.6437665020671375, 12.483962645145994, 12.483962645145994, 12.483962645145994, 12.483962645145994], [-11.868703726581941, -11.868703726581941, -37.0037107421914, -11.868703726581941, -31.13358137808575, -20.24621027791352, -20.24621027791352, -20.24621027791352, -20.24621027791352], [130.13129627341806, 145.8812154906375, 151.64628070226036, 138.01024962896798, 139.47768844571857, 154.91242167866216, 155.70230950993755, 158.5601058148863, 158.296898637818]], "driver_profits": 1203834.3506829941, "platform_profits": 889797.1859303158}