{"total_link_hours": [0.0, 0.0, 0.0, 0.0, 0.0, 1053.3989333061447, 4792.39893330593, 6000.000000000022, 6000.000000000022, 4946.6010666941265, 4600.000000000102, 2710.0869343356417, 2710.0869343356417, 2710.086934335775, 2710.086934335775, 3739.0000000000045, 3807.3178889042338, 6000.000000000022, 6000.000000000022, 2261.0000000000105, 860.9999999999902, 499.9999999999848, 431.6821110958632, 0.0], "vehicle_link_hours": [[0.0, 0.0, 0.0, 0.0, 0.0, 0.0, 3738.9999999998918, 3739.0000000000036, 3739.0000000000036, 3739.0000000000036, 3739.0000000000036, 2710.086934335546, 2710.086934335546, 2710.0869343356535, 2710.0869343356535, 3738.9999999998918, 3738.999999999999, 3739.0000000000036, 3739.0000000000036, 4.463089824473974e-12, 0.0, 0.0, 0.0, 0.0], [0.0, 0.0, 0.0, 0.0, 0.0, 1053.3989333061145, 1053.3989333059906, 1400.0000000000152, 1400.0000000000152, 346.6010666941204, 9.564125673467108e-11, 9.564125673467108e-11, 9.564125673467108e-11, 9.564125673467108e-11, 9.564125673467108e-11, 9.564125673467108e-11, 9.564125673467108e-11, 1400.0000000000152, 1400.0000000000152, 1400.0000000000152, 0.0, 0.0, 0.0, 0.0], [0.0, 0.0, 0.0, 0.0, 0.0, 8.908428376803848e-12, 2.232524994465824e-11, 323.00000000000307, 323.00000000000307, 323.00000000000307, 323.00000000000307, 0.0, 0.0, 1.3416821567854392e-11, 1.3416821567854392e-11, 1.3416821567854392e-11, 68.30360410211088, 323.00000000000307, 323.00000000000307, 322.99999999998965, 322.99999999998965, 322.99999999998965, 254.69639589789222, 0.0], [0.0, 0.0, 0.0, 0.0, 0.0, 0.0, 3.5318410221661348e-12, 261.00000000000057, 261.00000000000057, 261.00000000000057, 261.00000000000057, 0.0, 0.0, 1.2070787138778355e-11, 1.2070787138778355e-11, 3.5318410221661348e-12, 3.5318410221661348e-12, 261.00000000000057, 261.00000000000057, 261.00000000000057, 261.00000000000057, 0.0, 0.0, 0.0], [0.0, 0.0, 0.0, 0.0, 0.0, 8.947952107018527e-12, 8.947952107018527e-12, 100.0, 100.0, 100.0, 100.0, 0.0, 0.0, 0.0, 0.0, 0.0, 0.0, 100.0, 100.0, 100.0, 100.0, 0.0, 0.0, 0.0], [0.0, 0.0, 0.0, 0.0, 0.0, 1.2476684697390931e-11, 1.2476684697390931e-11, 177.00000000000003, 177.00000000000003, 177.00000000000003, 177.00000000000003, 0.0, 0.0, 0.0, 0.0, 0.0, 0.014284802024229567, 177.00000000000003, 177.00000000000003, 177.00000000000003, 177.00000000000003, 176.99999999999525, 176.98571519797102, 0.0]], "base_demand": [1839.3972058572117, 1839.3972058572117, 1839.3972058572117, 1839.3972058572117, 1839.3972058572117, 3678.7944117144234, 13479.868923516648, 24696.52362423119, 27440.581804701324, 24696.52362423119, 16464.349082820794, 8986.579282344432, 8986.579282344432, 8986.579282344432, 8986.579282344432, 11233.224102930539, 13479.868923516648, 21952.46544376106, 27440.581804701324, 21952.46544376106, 8986.579282344432, 3678.7944117144234, 2943.035529371539, 1839.3972058572117], "realized_demand": [37.74231909455259, 37.74231909455259, 37.74231909455259, 37.74231909455259, 37.74231909455259, 3090.5829307304443, 12265.141366662014, 20615.140088122644, 21861.870290958417, 18475.225589828297, 15083.516752432015, 8205.018075211681, 8205.018075211681, 8205.0180752117, 8205.0180752117, 10343.390820019742, 11979.644811306704, 19394.536661968843, 22333.353967238767, 8987.279203750319, 3396.2237474512267, 1919.4506498292924, 1629.2410762089562, 37.74231909455259], "equilibrium_path_flow": [[2710.086934335546, 4.463089824473974e-12, 1028.9130656643454, 0.0, 1.0725551672567999e-10], [9.564125673467108e-11, 0.0, 1053.3989333058948, 346.60106669390086, 1.2389022210975088e-10], [1.3416821567854392e-11, 0.0, 8.908428376803848e-12, 68.30360410208856, 254.69639589789222], [141.63435988895696, 119.36564011102804, 3.5318410221661348e-12, 0.0, 1.2070787138778355e-11], [32.21794534601879, 58.81303203873907, 8.947952107018527e-12, 6.4574892667191035, 2.5115333485140914], [4.770072946855377e-12, 171.47686994972483, 1.2476684697390931e-11, 0.014284802011752883, 5.508845248246197]], "drivers_distribute": [3739.0000000000036, 1400.0000000000152, 323.00000000000307, 261.00000000000057, 100.0, 177.00000000000003], "equilibrium_benefit": [172.35540732132873, 110.85868270423798, 199.05278120753633, 162.2063596548567, 102.20635965485597, 204.0618788105223], "contract_profit_ratio": [0.0675881037000101, 0.07765307931392952, 0.24814538831502597], "path_profit": [[172.36745018644285, 165.1657660142467, 172.3236872348739, 168.9961176380952, 168.9961176380952], [-29.317131499748598, 91.56334311800026, 110.83371436526636, 110.93456712636282, 99.64399990849682], [174.37767467672148, 192.82524220533014, 177.44570553196525, 199.018844325577, 199.0618822839067], [162.20635965485707, 162.20635965485707, 159.2057465865019, 155.87817698972316, 154.13547799865592], [102.20635965485707, 102.20635965485707, 90.14405262379523, 102.20635965485707, 102.20635965485707], [192.20635965485707, 204.0618822839067, 182.44570553196525, 204.018844325577, 204.0618822839067]], "driver_profits": 952608.5204752842, "platform_profits": 814088.6810294178}