{"contraction_plan": [1, 1, 1, 1, 0, 0, 0, 0, 0, 0, 0, 0, 0, 0, 0, 0, 0, 0, 0, 0, 0, 0, 0, 1], "total_link_hours": [337.0000000021005, 337.0000000001223, 337.0000000000608, 337.0000000000608, 2.232632446719201e-13, 1638.1728068216141, 3817.0773430972754, 5800.000000001235, 5998.79039547966, 5800.000000001235, 4999.999999998254, 2421.8532456164753, 2421.8532456164753, 2742.6307108291776, 2742.6307108291776, 3182.9226569064085, 4240.71935022957, 5597.734988342971, 6161.827193179916, 4617.077343096822, 2462.9999999983206, 624.4364520848226, 365.30180936114937, 337.0000000021005], "vehicle_link_hours": [[0.0, 0.0, 0.0, 0.0, 0.0, 0.0, 1817.0773430968716, 5000.0000000000355, 5000.0000000000355, 5000.0000000000355, 4999.999999996674, 1958.853245615258, 1958.853245615258, 2742.6307108277233, 2742.6307108277233, 3182.9226569047914, 4240.719350228151, 5000.0000000000355, 5000.0000000000355, 1817.0773430968716, 0.0, 0.0, 0.0, 0.0], [0.0, 0.0, 0.0, 0.0, 1.9617094420372523e-13, 1638.1728068215448, 2000.0000000002253, 1.2417813942052595e-09, 198.7903954796671, 1.2417813942052595e-09, 1.2419875936175365e-09, 1.24237472016724e-09, 1.24237472016724e-09, 1.2417813942052595e-09, 1.2417813942052595e-09, 1.2419462326081495e-09, 1.2417813942052595e-09, 1.2417813942052595e-09, 361.82719317992326, 2000.0000000002262, 2000.0000000002265, 161.43645208975957, 163.03679770025636, 0.0], [2.039627001499743e-09, 6.149587273816116e-11, 0.0, 0.0, 2.7092300468194877e-14, 6.938627918170997e-11, 1.7848432581482144e-10, 463.0000000000613, 463.00000000006133, 463.0000000000613, 2.478706049965314e-10, 462.9999999999303, 462.9999999999303, 1.786118033952685e-10, 1.786118033952685e-10, 2.817370570541211e-10, 1.7848432581482144e-10, 462.9999999993949, 463.00000000006133, 462.99999999995805, 462.99999999802174, 462.9999999950416, 3.4680907612262533e-09, 2.039627001499743e-09], [0.0, 0.0, 0.0, 0.0, 0.0, 0.0, 0.0, 0.0, 0.0, 0.0, 0.0, 0.0, 0.0, 0.0, 0.0, 0.0, 0.0, 0.0, 0.0, 0.0, 0.0, 0.0, 0.0, 0.0], [0.0, 0.0, 0.0, 0.0, 0.0, 0.0, 0.0, 0.0, 0.0, 0.0, 0.0, 0.0, 0.0, 0.0, 0.0, 0.0, 0.0, 0.0, 0.0, 0.0, 0.0, 0.0, 0.0, 0.0], [337.0000000000608, 337.0000000000608, 337.0000000000608, 337.0000000000608, 0.0, 0.0, 0.0, 336.9999999998967, 336.9999999998969, 336.9999999998967, 9.125771715747638e-11, 4.482662674836768e-11, 4.482662674836768e-11, 3.42627070452081e-11, 3.42627070452081e-11, 9.347572102466119e-11, 0.0, 134.73498834229935, 336.9999999998969, 336.99999999976444, 7.219221595777796e-11, 2.143513932106394e-11, 202.26501165742496, 337.0000000000608]], "demand_elasticity": [0.9491585408664853, 0.9491585408660902, 0.6910902565978507, 0.4772426819592006, 0.0, 0.09876042123769853, 0.238809357887291, 0.4649802688478754, 0.5902334572831149, 0.4649802688478754, 0.13963420129596768, 0.2599400148955177, 0.2599400148955177, 0.15643322248791589, 0.15643322248791589, 0.21603913184991044, 0.15526758455463374, 0.3393361871205043, 0.5695699036900866, 0.7184169427497845, 0.27147606100253846, 0.8176029206048473, 0.932263454851842, 0.9491585408664853], "base_demand": [2943.035529371539, 2943.035529371539, 1839.3972058572117, 1471.5177646857694, 1839.3972058572117, 3678.7944117144234, 13479.868923516648, 24696.52362423119, 27440.581804701324, 24696.52362423119, 16464.349082820794, 8986.579282344432, 8986.579282344432, 8986.579282344432, 8986.579282344432, 11233.224102930539, 13479.868923516648, 21952.46544376106, 27440.581804701324, 21952.46544376106, 8986.579282344432, 3678.7944117144234, 2943.035529371539, 2943.035529371539], "realized_demand": [1297.2059806858292, 1297.2059806827106, 1176.9946570080522, 1049.5297103461464, 37.74231909455259, 3319.7849898484255, 11798.6050461361, 20310.696818127017, 21859.270327375358, 20310.696818127017, 15296.763051504662, 8016.2754105863705, 8016.2754105863705, 8220.73576372275, 8220.73576372275, 10075.625955797252, 12224.985475135074, 19000.821527986962, 22690.67327918699, 17560.468106592605, 7758.148895774294, 2333.3031635949214, 1399.512026146544, 1297.2059806858292], "equilibrium_path_flow": [[1.8296816760481813e-09, 1.653273749992107e-10, 1057.7966933233229, 1.1233735545693376e-14, 3.672002595276312e-11, 1199.5725958488238, 1983.3500610541378, 3.159447304386468e-09, 7.151286333766836e-09, 759.2806497614084], [1.2417813942052595e-09, 1.9617094420372523e-13, 2.061994122770028e-13, 1.648384028900608e-13, 5.933259619805382e-13, 161.43645208975937, 198.25936456187605, 1476.7363547305429, 163.03679770025616, 0.5310309165490906], [1.7848432581482144e-10, 2.7092300468194877e-14, 6.938627918170997e-11, 6.146878043769296e-11, 2.8434268978984226e-09, 4.178395080160665e-11, 1.2747758044704425e-13, 1.3036654306081488e-09, 6.246367710273625e-10, 462.9999999949383], [0.0, 0.0, 0.0, 0.0, 0.0, 0.0, 0.0, 0.0, 0.0, 0.0], [0.0, 0.0, 0.0, 0.0, 0.0, 0.0, 0.0, 0.0, 0.0, 0.0], [1.6396131451479644e-10, 1.516342541807079e-13, 9.125771715747638e-11, 7.219221595777796e-11, 3.8827833537565454e-11, 2.128350506688323e-11, 3.42627070452081e-11, 5.99879321080223e-12, 202.26501165742482, 134.73498834220808]], "drivers_distribute": [5000.000000000035, 2000.0000000002265, 463.00000000006133, 0.0, 0.0, 337.0000000000608], "equilibrium_benefit": [192.99625725169426, 57.12962345585125, 163.32146387834172, 0, 0, 166.90467949530557], "contract_profit_ratio": [1.7240826821235887e-17, 1.0908856234101756e-05, 0.6718673820877253], "path_profit": [[189.627525172967, 155.78812456254676, 192.97541084923193, 179.8822792837732, 181.32367752369294, 193.0052408383574, 193.00252033025265, 186.90857161072034, 188.53995165165384, 192.99474649811577], [-163.71812520371873, 34.87001036116408, 40.03195992561723, 36.20357994434886, 28.792110021723886, 57.115435980060624, 57.12717385869425, 57.13236580303598, 57.121819135689776, 57.12717385869425], [127.9101013741581, 138.8577323217056, 129.76847047791705, 134.01287467448793, 156.83278160031512, 133.58467374422492, 151.31105936012432, 161.31377986822918, 161.30153855383855, 163.32146387841522], [-9.508139503543703, 45.57675472067757, 47.09292485788171, 47.706479557770535, 42.11381163860631, 45.79265444516591, 38.03126090154535, 55.91202664548439, 53.99820153287976, 53.99820153287976], [-4.508139503543703, -12.276081211593066, -17.24458878916522, -12.276081211593066, -4.6553176435274395, -3.5972820750019423, -3.5972820750019423, -3.5972820750019423, -3.5972820750019423, -3.5972820750019423], [121.49186049645635, 151.60199361903216, 159.99820153287976, 136.79449545341777, 149.66725042773828, 139.18292052148013, 144.6550338177932, 154.65775432589805, 166.89978533109388, 166.91202664548427]], "path_revenue": [[741.4595593213188, 283.59152343753624, 488.97541084923193, 430.1564492634684, 531.5514435405308, 535.2330068551953, 525.2302863470906, 595.7372985498143, 538.7677176684917, 644.6869403146463], [824.2818747962813, 231.87001036116408, 301.0013444926079, 220.20357994434886, 249.59550889671337, 252.9188348550501, 277.93057273368373, 193.13236580303598, 280.92521801067926, 277.93057273368373], [791.8576033052707, 533.8577323217056, 548.996236494755, 506.01287467448793, 562.060547617153, 568.8124397610628, 563.5388253769622, 573.5415458850671, 580.5293045706765, 560.5492298952531], [290.4755992589448, 519.7570946081765, 729.9949305556993, 624.7155463843634, 679.9863453426358, 673.6651881491954, 718.9332665993629, 634.9210934720772, 683.8707352369092, 683.8707352369092], [290.4755992589448, 340.8736432428966, 433.20992107802897, 340.8736432428966, 401.7276140184929, 400.7856495870184, 400.7856495870184, 400.7856495870184, 400.7856495870184, 400.7856495870184], [290.4755992589448, 528.7823335065311, 683.8707352369092, 620.8035622800107, 625.6763172543313, 630.1919873480731, 676.5275675218227, 686.5302880299275, 641.9088521576869, 634.9210934720772]],