{"contraction_plan": [1, 1, 1, 1, 0, 0, 0, 0, 0, 0, 0, 0, 0, 0, 0, 0, 0, 0, 0, 0, 0, 0, 1, 1], "total_link_hours": [349.0000000007114, 349.0000000004492, 349.00000000025346, 349.00000000025346, 5.324336254279797e-11, 1561.158308257193, 3758.7138305534495, 5500.000000002751, 5799.875494237419, 5500.000000002751, 5000.000000002386, 2380.466917382174, 2380.466917382174, 2730.4465585769294, 2730.4465585769294, 3012.196687320569, 4386.462981939276, 5494.003779388453, 7061.158308259069, 4729.466917383415, 2156.9962206164596, 589.8416917444698, 487.96619751042624, 349.0000000007114], "vehicle_link_hours": [[0.0, 0.0, 0.0, 0.0, 0.0, 0.0, 1897.680028061911, 5000.000000001367, 5000.000000001367, 5000.000000001367, 5000.000000001258, 2229.4669173811817, 2229.4669173811817, 2730.4465585761295, 2730.4465585761295, 3012.1966873197866, 4386.462981938333, 5000.000000001367, 5000.000000001367, 2229.4669173812877, 0.0, 0.0, 0.0, 0.0], [0.0, 0.0, 0.0, 0.0, 0.0, 1561.158308257032, 1861.0338024914797, 7.230910891480806e-10, 299.8754942353227, 7.230910891480806e-10, 7.806880964579133e-10, 8.174150821691216e-10, 8.174150821691216e-10, 7.230910891480806e-10, 7.230910891480806e-10, 7.230910891480806e-10, 7.230910891480806e-10, 7.230910891480806e-10, 1561.158308257032, 2000.000000001636, 2000.0000000016935, 438.8416917443431, 138.96619751011949, 0.0], [4.5788075119899494e-10, 1.956723026192314e-10, 0.0, 0.0, 5.324336254279797e-11, 1.6103811288454785e-10, 5.922948454069653e-11, 151.0000000004955, 151.00000000054874, 151.0000000004955, 3.4003457871470375e-10, 151.00000000017425, 151.00000000017425, 7.702868756090793e-11, 7.702868756090793e-11, 5.922948454069653e-11, 2.2026759742524438e-10, 151.0000000004955, 151.00000000054874, 151.00000000033447, 151.00000000041942, 151.00000000011224, 5.324336254279797e-11, 4.5788075119899494e-10], [0.0, 0.0, 0.0, 0.0, 0.0, 0.0, 0.0, 0.0, 0.0, 0.0, 0.0, 0.0, 0.0, 0.0, 0.0, 0.0, 0.0, 0.0, 0.0, 0.0, 0.0, 0.0, 0.0, 0.0], [0.0, 0.0, 0.0, 0.0, 0.0, 0.0, 0.0, 0.0, 0.0, 0.0, 0.0, 0.0, 0.0, 0.0, 0.0, 0.0, 0.0, 0.0, 0.0, 0.0, 0.0, 0.0, 0.0, 0.0], [349.00000000025346, 349.00000000025346, 349.00000000025346, 349.00000000025346, 0.0, 0.0, 0.0, 349.0000000001643, 349.0000000001787, 349.0000000001643, 7.169833589249532e-12, 1.4295885947087984e-12, 1.4295885947087984e-12, 0.0, 0.0, 0.0, 0.0, 343.00377938586684, 349.0000000001202, 349.00000000015706, 5.996220614347146, 1.446028622638793e-11, 349.00000000025346, 349.00000000025346]], "base_demand": [2943.035529371539, 2943.035529371539, 1839.3972058572117, 1471.5177646857694, 1839.3972058572117, 3678.7944117144234, 13479.868923516648, 24696.52362423119, 27440.581804701324, 24696.52362423119, 16464.349082820794, 8986.579282344432, 8986.579282344432, 8986.579282344432, 8986.579282344432, 11233.224102930539, 13479.868923516648, 21952.46544376106, 27440.581804701324, 21952.46544376106, 8986.579282344432, 3678.7944117144234, 2943.035529371539, 2943.035529371539], "realized_demand": [1340.8432459604333, 1340.8432459600372, 1205.256042183954, 1066.686593505039, 37.74231909455259, 3303.327332136376, 11754.068069625222, 19769.488690039252, 21407.68687646539, 19769.488690039252, 15296.76305150513, 7979.0374510501015, 7979.0374510501015, 8214.950930324509, 8214.950930324509, 9941.951607784207, 12285.960676005005, 18875.813404210014, 24086.31950058072, 17856.87701547531, 7410.831317458241, 2224.6316460778025, 1808.2006365812026, 1340.8432459604333], "equilibrium_path_flow": [[5.883780236553116e-10, 7.300763401394387e-11, 40.08652404457136, 3.308147892272963e-11, 371.87341336384236, 2730.446558575508, 3.238006318555155e-12, 1615.929899317629, 241.6636046991188], [7.230910891480806e-10, 138.96619751011949, 5.7597007309832684e-11, 1561.1583082562513, 9.432399302104097e-11, 210.50724550751843, 47.2628318021535, 42.105416924551676, 2.2406690426705963e-10], [5.922948454069653e-11, 5.324336254279797e-11, 1.6103811288454785e-10, 1.4242894007643343e-10, 1.0196777826924797e-10, 1.7799203020211397e-11, 2.7368104594975598e-11, 150.99999999991186, 7.380223110024012e-11], [0.0, 0.0, 0.0, 0.0, 0.0, 0.0, 0.0, 0.0, 0.0], [0.0, 0.0, 0.0, 0.0, 0.0, 0.0, 0.0, 0.0, 0.0], [7.477607882410196e-11, 1.446028622638793e-11, 7.169833589249532e-12, 5.996220614295984, 1.4295885947087984e-12, 2.0347481517183753e-11, 343.0037793858026, 1.4326770799763944e-11, 2.2374448882453443e-11]], "drivers_distribute": [5000.000000001367, 2000.0000000016935, 151.00000000054877, 0.0, 0.0, 349.00000000025346], "equilibrium_benefit": [194.2565581254186, 61.03926914532398, 169.38809461849604, 0, 0, 173.96058190158516], "contract_profit_ratio": [1.3399535588867775e-17, 4.99107709818184e-06, 0.7139195991534609], "path_profit": [[192.3510720499803, 171.06966512204605, 194.2356356489908, 181.12986184649662, 194.24882456855153, 194.250160299277, 185.91993827725628, 194.2686191197933, 194.26356710177828], [-154.99025881948523, 61.016672165216335, 14.475879317009571, 61.04588830219072, 40.895802936648266, 61.01528140603628, 61.01528140603628, 61.01528140603628, 60.47349472458518], [135.20709654245593, 138.0422938768014, 108.33272141358799, 169.19674673820714, 163.3662441081542, 153.753359041206, 153.7582886149342, 169.3880946185975, 163.38459533373015], [-14.355660326228303, 29.04299898435977, 20.208282296749985, 19.79720407444745, 22.61989392113594, 13.636477501207423, 29.36405483610895, 29.36405483610895, 29.359002818093813], [2.6443396737716967, -3.617375258522543, -10.770877004317413, -18.39468229216027, 1.8217532060673989, 1.8217532060673989, -2.2153989714373097, -2.2153989714373097, -2.2153989714373097], [144.6443396737717, 161.33719716495682, 162.49960113823533, 173.96068419972983, 163.67171961171312, 167.24644156320306, 173.96058011326852, 166.3544669610029, 166.3544669610029]], "driver_profits": 1179651.1742892931, "platform_profits": 880445.4306011968}