{"total_link_hours": [843.3797005834267, 843.3797005834267, 843.3797005834267, 843.3797005834267, 1503.8628332313003, 1503.8628332313003, 4218.4069974587765, 7599.999999968395, 7599.999999968395, 7556.620299398177, 6000.0000000068485, 3260.4831326232197, 3260.4831326232197, 3260.4831326232197, 3260.4831326232197, 3260.4831326232197, 3317.802517893409, 6800.0000000068485, 6800.0000000068485, 6038.817781542368, 1581.593002555846, 1524.273617275988, 800.0000000062731, 800.0000000062731], "vehicle_link_hours": [[0.0, 0.0, 0.0, 0.0, 1460.4831326187077, 1460.4831326187077, 4142.68061473816, 4200.00000000835, 4200.00000000835, 4200.00000000835, 4200.00000000835, 1460.4831326187077, 1460.4831326187077, 1460.4831326187077, 1460.4831326187077, 1460.4831326187077, 1517.8025178888968, 4200.00000000835, 4200.00000000835, 2682.1974821194526, 57.31938527018916, 0.0, 0.0, 0.0], [43.379700579505304, 43.379700579505304, 43.379700579505304, 43.379700579505304, 43.37970057021797, 43.37970057021797, 75.72638272061613, 799.9999999999999, 799.9999999999999, 756.6202994297819, 0.0, 0.0, 0.0, 0.0, 0.0, 0.0, 0.0, 799.9999999999999, 799.9999999999999, 756.6202994204946, 724.2736172793838, 724.2736172700965, 0.0, 0.0], [800.0000000039214, 800.0000000039214, 800.0000000039214, 800.0000000039214, 4.2374758571000517e-08, 4.2374758571000517e-08, 0.0, 799.9999999638984, 799.9999999638984, 799.9999999638984, 2.3517551390693437e-09, 0.0, 0.0, 0.0, 0.0, 0.0, 0.0, 2.3517551390693437e-09, 2.3517551390693437e-09, 800.0000000062731, 800.0000000062731, 800.0000000058917, 800.0000000062731, 800.0000000062731], [0.0, 0.0, 0.0, 0.0, 0.0, 0.0, 0.0, 1799.999999996147, 1799.999999996147, 1799.999999996147, 1799.999999996147, 1800.0000000045122, 1800.0000000045122, 1800.0000000045122, 1800.0000000045122, 1800.0000000045122, 1800.0000000045122, 1799.999999996147, 1799.999999996147, 1799.999999996147, 0.0, 0.0, 0.0, 0.0], [0.0, 0.0, 0.0, 0.0, 0.0, 0.0, 0.0, 0.0, 0.0, 0.0, 0.0, 0.0, 0.0, 0.0, 0.0, 0.0, 0.0, 0.0, 0.0, 0.0, 0.0, 0.0, 0.0, 0.0], [0.0, 0.0, 0.0, 0.0, 0.0, 0.0, 0.0, 0.0, 0.0, 0.0, 0.0, 0.0, 0.0, 0.0, 0.0, 0.0, 0.0, 0.0, 0.0, 0.0, 0.0, 0.0, 0.0, 0.0]], "base_demand": [5000.0, 5000.0, 5000.0, 5000.0, 5000.0, 5000.0, 10000.0, 50000.0, 50000.0, 50000.0, 30000.0, 5000.0, 8000.0, 8000.0, 5000.0, 3000.0, 10000.0, 50000.0, 50000.0, 30000.0, 20000.0, 10000.0, 8000.0, 5000.0], "realized_demand": [1774.4206660798052, 1774.4206660798052, 1774.4206660798052, 1774.4206660798052, 1790.519035865563, 1790.519035865563, 4424.457352124203, 33037.606591323885, 33037.606591323885, 33036.245272709355, 19850.976679332034, 2214.0094521593987, 3542.415123455038, 3542.415123455038, 2214.0094521593987, 1328.4056712956394, 4415.751628007223, 26822.06865273647, 26822.06865273647, 16305.793996200868, 8762.844341328699, 3581.686035578375, 2836.3426410226475, 1772.7141506391547], "passenger_benefits": 1024515673.9830079, "equilibrium_path_flow": [[1460.4831326187077, 0.0, 2682.1974821194526, 31.862849100301514, 25.456536169887645], [43.37970057021797, 724.2736172700965, 32.346682150398166, 5.791052692462678e-10, 8.70822877270564e-09], [4.2374758571000517e-08, 2.3517551390693437e-09, 3.8144707938199546e-10, 775.3271555316375, 24.672844429527725], [8.365263285511105e-09, 0.0, 1799.999999996147, 0.0, 0.0], [0.0, 0.0, 0.0, 0.0, 0.0], [0.0, 0.0, 0.0, 0.0, 0.0]], "drivers_distribute": [4200.00000000835, 799.9999999999999, 800.0000000062731, 1800.0000000045122, 0.0, 0.0], "equilibrium_benefit": [166.17631227911377, 72.71304684348891, 222.53526296500553, 172.01618641230866, 0, 0], "path_profit": [[166.1509715762403, 165.9266700502302, 166.19068029588817, 166.14965132850227, 166.14965132850227], [72.70585785365074, 72.71775330397901, 72.617305691767, 36.78548150831091, 36.78548150831091], [222.22540539440524, 152.68599177885773, 190.58449016462788, 222.5352629652425, 222.5352629652425], [-74.376465598887, 165.71697035580394, 172.01618641345374, 167.46186042013608, 167.46186042013608], [-484.37646559888697, -385.83077488930303, -380.01105118887136, -424.97395700444235, -424.97395700444235], [-299.37646559888697, -145.52754980638053, -137.62905142061038, -107.04926505404296, -107.04926505404296]], "driver_profits": 1243768.2949647887, "platform_profits": 952904.5525745525}